elev	Kapitel_1	
lärare	Kapitel_1	
Ursäkta.	Kapitel_1	
Lyssna.	Kapitel_1	
Skriv	Kapitel_1	
rivstart	Kapitel_1	Sidan 07
kapitel	Kapitel_1	Sidan 07
sida	Kapitel_1	Sidan 07
kunna	Kapitel_1	Sidan 08
svenska	Kapitel_1	Sidan 08
kombinera	Kapitel_1	Sidan 08
foto	Kapitel_1	Sidan 08
och	Kapitel_1	Sidan 08
ord	Kapitel_1	Sidan 08
hamburgare	Kapitel_1	Sidan 08
advokat	Kapitel_1	Sidan 08
potatis	Kapitel_1	Sidan 08
mobil	Kapitel_1	Sidan 08
papper	Kapitel_1	Sidan 08
kaffe	Kapitel_1	Sidan 08
bok	Kapitel_1	Sidan 08
kanelbulle	Kapitel_1	Sidan 08
penna	Kapitel_1	Sidan 08
vatten	Kapitel_1	Sidan 08
lång	Kapitel_1	Sidan 08
vokal	Kapitel_1	Sidan 08
eller	Kapitel_1	Sidan 08
konsonant	Kapitel_1	Sidan 08
exempel	Kapitel_1	Sidan 08
på	Kapitel_1	Sidan 09
kurs	Kapitel_1	Sidan 09
Hej	Kapitel_1	Sidan 09
jag	Kapitel_1	Sidan 09
heta	Kapitel_1	Sidan 09
varifrån	Kapitel_1	Sidan 09
komma	Kapitel_1	Sidan 09
från	Kapitel_1	Sidan 09
nej	Kapitel_1	Sidan 09
jaha	Kapitel_1	Sidan 09
tala	Kapitel_1	Sidan 09
språk	Kapitel_1	Sidan 09
spanska	Kapitel_1	Sidan 09
vad	Kapitel_1	Sidan 09
vara	Kapitel_1	Sidan 09
var	Kapitel_1	Sidan 09
ligga	Kapitel_1	Sidan 09
det	Kapitel_1	Sidan 09
i	Kapitel_1	Sidan 09
norra	Kapitel_1	Sidan 09
Italien	Kapitel_1	Sidan 09
prata	Kapitel_1	Sidan 09
pyttelite	Kapitel_1	Sidan 09
italienska	Kapitel_1	Sidan 09
lyssna	Kapitel_1	Sidan 09
dialog	Kapitel_1	Sidan 09
vilken	Kapitel_1	Sidan 09
ha	Kapitel_1	Sidan 09
betoning	Kapitel_1	Sidan 09
igen	Kapitel_1	Sidan 09
markera	Kapitel_1	Sidan 09
uttala	Kapitel_1	Sidan 09
inte	Kapitel_1	Sidan 09
titta	Kapitel_1	Sidan 10
ruta	Kapitel_1	Sidan 10
här	Kapitel_1	Sidan 10
nedanför	Kapitel_1	Sidan 10
se	Kapitel_1	Sidan 10
ett	Kapitel_1	Sidan 10
system	Kapitel_1	Sidan 10
för	Kapitel_1	Sidan 10
verb	Kapitel_1	Sidan 10
position	Kapitel_1	Sidan 10
läsa	Kapitel_1	Sidan 10
sätta	Kapitel_1	Sidan 10
alla	Kapitel_1	Sidan 10
fråga	Kapitel_1	Sidan 10
svara	Kapitel_1	Sidan 10
frågeord	Kapitel_1	Sidan 10
mingla	Kapitel_1	Sidan 10
grupp	Kapitel_1	Sidan 10
skriva	Kapitel_1	Sidan 10
namn	Kapitel_1	Sidan 10
land	Kapitel_1	Sidan 10
Colombia	Kapitel_1	Sidan 10
Irland	Kapitel_1	Sidan 10
franska	Kapitel_1	Sidan 10
presentera	Kapitel_1	Sidan 11
varandra	Kapitel_1	Sidan 11
hon	Kapitel_1	Sidan 11
han	Kapitel_1	Sidan 11
den	Kapitel_1	Sidan 11
vi	Kapitel_1	Sidan 11
ni	Kapitel_1	Sidan 11
de	Kapitel_1	Sidan 11
subjektspronomen	Kapitel_1	Sidan 11
pronomen	Kapitel_1	Sidan 11
säga	Kapitel_1	Sidan 11
klass	Kapitel_1	Sidan 11
om	Kapitel_1	Sidan 11
arbeta	Kapitel_1	Sidan 12
ingenjör	Kapitel_1	Sidan 12
läkare	Kapitel_1	Sidan 12
tandläkare	Kapitel_1	Sidan 12
sjuksköterska	Kapitel_1	Sidan 12
busschaufför	Kapitel_1	Sidan 12
frisör	Kapitel_1	Sidan 12
webbdesigner	Kapitel_1	Sidan 12
fotograf	Kapitel_1	Sidan 12
servitör	Kapitel_1	Sidan 12
kock	Kapitel_1	Sidan 12
nähä	Kapitel_1	Sidan 12
göra	Kapitel_1	Sidan 12
då	Kapitel_1	Sidan 12
plugga	Kapitel_1	Sidan 12
studera	Kapitel_1	Sidan 12
design	Kapitel_1	Sidan 12
pensionär	Kapitel_1	Sidan 12
jobba	Kapitel_1	Sidan 12
ja	Kapitel_1	Sidan 12
med	Kapitel_1	Sidan 12
barn	Kapitel_1	Sidan 12
förskola	Kapitel_1	Sidan 12
nu	Kapitel_1	Sidan 12
söka	Kapitel_1	Sidan 12
jobb	Kapitel_1	Sidan 12
restaurang	Kapitel_1	Sidan 12
negation	Kapitel_1	Sidan 13
mening	Kapitel_1	Sidan 13
Ukraina	Kapitel_1	Sidan 13
portugisiska	Kapitel_1	Sidan 13
filosofi	Kapitel_1	Sidan 13
psykologi	Kapitel_1	Sidan 13
yrke	Kapitel_1	Sidan 13
IT-företag	Kapitel_1	Sidan 13
bank	Kapitel_1	Sidan 13
ekonomi	Kapitel_1	Sidan 13
programmerare	Kapitel_1	Sidan 13
ekonom	Kapitel_1	Sidan 13
förskolelärare	Kapitel_1	Sidan 13
programmering	Kapitel_1	Sidan 13
till	Kapitel_1	Sidan 13
höra	Kapitel_1	Sidan 14
rätt	Kapitel_1	Sidan 14
alternativ	Kapitel_1	Sidan 14
polis	Kapitel_1	Sidan 14
biolog	Kapitel_1	Sidan 14
kemist	Kapitel_1	Sidan 14
gift	Kapitel_1	Sidan 14
sambo	Kapitel_1	Sidan 14
singel	Kapitel_1	Sidan 14
min	Kapitel_1	Sidan 14
man	Kapitel_1	Sidan 14
schweizare	Kapitel_1	Sidan 14
men	Kapitel_1	Sidan 14
två	Kapitel_1	Sidan 14
en	Kapitel_1	Sidan 14
son	Kapitel_1	Sidan 14
dotter	Kapitel_1	Sidan 14
svensk	Kapitel_1	Sidan 14
också	Kapitel_1	Sidan 14
flickvän	Kapitel_1	Sidan 14
bo	Kapitel_1	Sidan 14
toppen	Kapitel_1	Sidan 14
par	Kapitel_1	Sidan 14
Sverige	Kapitel_1	Sidan 14
skilja	Kapitel_1	Sidan 14
samma	Kapitel_1	Sidan 14
år	Kapitel_1	Sidan 14
kvinna	Kapitel_1	Sidan 14
sedan	Kapitel_1	Sidan 14
källa	Kapitel_1	Sidan 14
skild	Kapitel_1	Sidan 15
separerad	Kapitel_1	Sidan 15
tjej	Kapitel_1	Sidan 15
pojkvän	Kapitel_1	Sidan 15
kille	Kapitel_1	Sidan 15
fru	Kapitel_1	Sidan 15
pojke	Kapitel_1	Sidan 15
flicka	Kapitel_1	Sidan 15
Ja	Kapitel_1	Sidan 15
bonusbarn	Kapitel_1	Sidan 15
tre	Kapitel_1	Sidan 15
person	Kapitel_1	Sidan 15
text	Kapitel_1	Sidan 15
generell	Kapitel_1	Sidan 16
stryka	Kapitel_1	Sidan 16
England	Kapitel_1	Sidan 16
universitet	Kapitel_1	Sidan 16
extra	Kapitel_1	Sidan 16
nära	Kapitel_1	Sidan 16
sortera	Kapitel_1	Sidan 16
matematik	Kapitel_1	Sidan 16
lätt	Kapitel_1	Sidan 16
form	Kapitel_1	Sidan 16
alfabet	Kapitel_1	Sidan 17
efternamn	Kapitel_1	Sidan 17
stava	Kapitel_1	Sidan 17
annan	Kapitel_1	Sidan 17
använda	Kapitel_1	Sidan 17
som	Kapitel_1	Sidan 17
tyska	Kapitel_1	Sidan 17
forska	Kapitel_1	Sidan 17
institut	Kapitel_1	Sidan 17
Tjena	Kapitel_2	Sidan 18
må	Kapitel_2	Sidan 18
tack	Kapitel_2	Sidan 18
läge	Kapitel_2	Sidan 18
lugn	Kapitel_2	Sidan 18
Själv	Kapitel_2	Sidan 18
själv	Kapitel_2	Sidan 18
kanonbra	Kapitel_2	Sidan 18
Hejsan	Kapitel_2	Sidan 18
Fint	Kapitel_2	Sidan 18
väl	Kapitel_2	Sidan 18
Helt	Kapitel_2	Sidan 18
helt	Kapitel_2	Sidan 18
okej	Kapitel_2	Sidan 18
jodå	Kapitel_2	Sidan 18
vanlig	Kapitel_2	Sidan 18
Tja	Kapitel_2	Sidan 18
nja	Kapitel_2	Sidan 18
dålig	Kapitel_2	Sidan 18
faktiskt	Kapitel_2	Sidan 18
så	Kapitel_2	Sidan 18
trött	Kapitel_2	Sidan 18
Jättetrött	Kapitel_2	Sidan 18
dricka	Kapitel_2	Sidan 18
lite	Kapitel_2	Sidan 18
hälsa	Kapitel_2	Sidan 19
god	Kapitel_2	Sidan 19
dag	Kapitel_2	Sidan 19
retur	Kapitel_2	Sidan 19
informell	Kapitel_2	Sidan 19
formell	Kapitel_2	Sidan 19
tillsammans	Kapitel_2	Sidan 19
markering	Kapitel_2	Sidan 19
betonad	Kapitel_2	Sidan 19
intonation	Kapitel_2	Sidan 19
slut	Kapitel_2	Sidan 19
fras	Kapitel_2	Sidan 19
gå	Kapitel_2	Sidan 19
ton	Kapitel_2	Sidan 19
upp	Kapitel_2	Sidan 19
ner	Kapitel_2	Sidan 19
kung	Kapitel_2	Sidan 20
intresserad	Kapitel_2	Sidan 20
journalist	Kapitel_2	Sidan 20
thailändsk	Kapitel_2	Sidan 20
tidning	Kapitel_2	Sidan 20
nät	Kapitel_2	Sidan 20
Norden	Kapitel_2	Sidan 20
trivas	Kapitel_2	Sidan 20
längta	Kapitel_2	Sidan 20
familj	Kapitel_2	Sidan 20
vän	Kapitel_2	Sidan 20
Thailand	Kapitel_2	Sidan 20
ofta	Kapitel_2	Sidan 20
telefon	Kapitel_2	Sidan 20
IT-ingenjör	Kapitel_2	Sidan 20
spelföretag	Kapitel_2	Sidan 20
spel	Kapitel_2	Sidan 20
företag	Kapitel_2	Sidan 20
katt	Kapitel_2	Sidan 20
sol	Kapitel_2	Sidan 20
ibland	Kapitel_2	Sidan 20
mamma	Kapitel_2	Sidan 20
pappa	Kapitel_2	Sidan 20
vecka	Kapitel_2	Sidan 20
sommar	Kapitel_2	Sidan 20
bli	Kapitel_2	Sidan 20
rolig	Kapitel_2	Sidan 20
deckare	Kapitel_2	Sidan 20
jazz	Kapitel_2	Sidan 20
hemma	Kapitel_2	Sidan 20
Skandinavien	Kapitel_2	Sidan 20
Norge	Kapitel_2	Sidan 20
Danmark	Kapitel_2	Sidan 20
Island	Kapitel_2	Sidan 20
självstyrande	Kapitel_2	Sidan 20
Färöarna	Kapitel_2	Sidan 20
Grönland	Kapitel_2	Sidan 20
Finland	Kapitel_2	Sidan 20
Åland	Kapitel_2	Sidan 20
ses	Kapitel_2	Sidan 21
höras	Kapitel_2	Sidan 21
fest	Kapitel_2	Sidan 21
klasskompis	Kapitel_2	Sidan 21
välkommen	Kapitel_2	Sidan 21
trevlig	Kapitel_2	Sidan 21
att	Kapitel_2	Sidan 21
träffas	Kapitel_2	Sidan 21
fin	Kapitel_2	Sidan 21
lägenhet	Kapitel_2	Sidan 21
precis	Kapitel_2	Sidan 21
förlåt	Kapitel_2	Sidan 21
förstå	Kapitel_2	Sidan 21
webb	Kapitel_2	Sidan 21
thai	Kapitel_2	Sidan 21
artikel	Kapitel_2	Sidan 21
mat	Kapitel_2	Sidan 21
kul	Kapitel_2	Sidan 21
ska	Kapitel_2	Sidan 21
detsamma	Kapitel_2	Sidan 21
komplettera	Kapitel_2	Sidan 22
varför	Kapitel_2	Sidan 22
er	Kapitel_2	Sidan 23
lista	Kapitel_2	Sidan 23
väska	Kapitel_2	Sidan 23
folk	Kapitel_2	Sidan 23
stad	Kapitel_2	Sidan 23
tja	Kapitel_2	Sidan 23
mobiltelefon	Kapitel_2	Sidan 23
tuggummipaket	Kapitel_2	Sidan 23
paket	Kapitel_2	Sidan 23
tuggummi	Kapitel_2	Sidan 23
läsplatta	Kapitel_2	Sidan 23
kam	Kapitel_2	Sidan 23
ordbok	Kapitel_2	Sidan 23
cerat	Kapitel_2	Sidan 23
mössa	Kapitel_2	Sidan 23
suddgummi	Kapitel_2	Sidan 23
bild	Kapitel_2	Sidan 23
tro	Kapitel_2	Sidan 23
diskutera	Kapitel_2	Sidan 23
förslag	Kapitel_2	Sidan 23
respons	Kapitel_2	Sidan 23
kanske	Kapitel_2	Sidan 23
absolut	Kapitel_2	Sidan 23
få	Kapitel_2	Sidan 24
sak	Kapitel_2	Sidan 24
bussbiljett	Kapitel_2	Sidan 24
läppglans	Kapitel_2	Sidan 24
banan	Kapitel_2	Sidan 24
flaska	Kapitel_2	Sidan 24
läsk	Kapitel_2	Sidan 24
pengar	Kapitel_2	Sidan 24
nyckel	Kapitel_2	Sidan 24
tröja	Kapitel_2	Sidan 24
sko	Kapitel_2	Sidan 24
necessär	Kapitel_2	Sidan 24
dator	Kapitel_2	Sidan 24
pass	Kapitel_2	Sidan 24
visa	Kapitel_2	Sidan 24
ny	Kapitel_2	Sidan 24
tavla	Kapitel_2	Sidan 24
substantiv	Kapitel_2	Sidan 24
singular	Kapitel_2	Sidan 24
obestämd	Kapitel_2	Sidan 24
utan	Kapitel_2	Sidan 24
byta	Kapitel_2	Sidan 24
halsduk	Kapitel_2	Sidan 24
hund	Kapitel_2	Sidan 25
räkna	Kapitel_3	Sidan 27
siffra	Kapitel_3	Sidan 27
plats	Kapitel_3	Sidan 27
Sidan	Kapitel_3	Sidan 27
ljud	Kapitel_3	Sidan 27
bakre	Kapitel_3	Sidan 27
främre	Kapitel_3	Sidan 27
Kina	Kapitel_3	Sidan 27
jämn	Kapitel_3	Sidan 28
tal	Kapitel_3	Sidan 28
udda	Kapitel_3	Sidan 28
baklänges	Kapitel_3	Sidan 28
kasta	Kapitel_3	Sidan 28
tärning	Kapitel_3	Sidan 28
öva	Kapitel_3	Sidan 28
plus	Kapitel_3	Sidan 28
minus	Kapitel_3	Sidan 28
gata	Kapitel_3	Sidan 28
nummer	Kapitel_3	Sidan 28
telefonnummer	Kapitel_3	Sidan 28
ringa	Kapitel_3	Sidan 28
imorgon	Kapitel_3	Sidan 28
när	Kapitel_3	Sidan 28
född	Kapitel_3	Sidan 28
lillasyster	Kapitel_3	Sidan 28
morfar	Kapitel_3	Sidan 28
gammal	Kapitel_3	Sidan 28
mycket	Kapitel_3	Sidan 28
jamen	Kapitel_3	Sidan 28
ungefär	Kapitel_3	Sidan 28
klocka	Kapitel_3	Sidan 29
halv	Kapitel_3	Sidan 29
över	Kapitel_3	Sidan 29
kvart	Kapitel_3	Sidan 29
prick	Kapitel_3	Sidan 29
sekund	Kapitel_3	Sidan 29
minut	Kapitel_3	Sidan 29
halvtimme	Kapitel_3	Sidan 29
timme	Kapitel_3	Sidan 29
tid	Kapitel_3	Sidan 30
fika	Kapitel_3	Sidan 30
program	Kapitel_3	Sidan 30
konferens	Kapitel_3	Sidan 30
självklart	Kapitel_3	Sidan 30
Kanon	Kapitel_3	Sidan 30
börja	Kapitel_3	Sidan 30
äta	Kapitel_3	Sidan 30
lunch	Kapitel_3	Sidan 30
fikapaus	Kapitel_3	Sidan 30
sluta	Kapitel_3	Sidan 30
aktivitet	Kapitel_3	Sidan 31
vakna	Kapitel_3	Sidan 31
stiga	Kapitel_3	Sidan 31
frukost	Kapitel_3	Sidan 31
ta	Kapitel_3	Sidan 31
taxi	Kapitel_3	Sidan 31
dansa	Kapitel_3	Sidan 31
väninna	Kapitel_3	Sidan 31
röka	Kapitel_3	Sidan 31
promenera	Kapitel_3	Sidan 31
mejl	Kapitel_3	Sidan 31
städa	Kapitel_3	Sidan 31
laga	Kapitel_3	Sidan 31
middag	Kapitel_3	Sidan 31
diska	Kapitel_3	Sidan 31
spela	Kapitel_3	Sidan 31
gitarr	Kapitel_3	Sidan 31
radio	Kapitel_3	Sidan 31
teve	Kapitel_3	Sidan 31
vin	Kapitel_3	Sidan 31
chatta	Kapitel_3	Sidan 31
lägga	Kapitel_3	Sidan 31
somna	Kapitel_3	Sidan 31
jämföra	Kapitel_3	Sidan 31
kontrollera	Kapitel_3	Sidan 31
aktiv	Kapitel_3	Sidan 31
alltid	Kapitel_3	Sidan 31
direkt	Kapitel_3	Sidan 31
buss	Kapitel_3	Sidan 31
danskurs	Kapitel_3	Sidan 31
mellan	Kapitel_3	Sidan 31
älska	Kapitel_3	Sidan 31
dans	Kapitel_3	Sidan 31
efter	Kapitel_3	Sidan 31
hungrig	Kapitel_3	Sidan 31
förstås	Kapitel_3	Sidan 31
liten	Kapitel_3	Sidan 31
idag	Kapitel_3	Sidan 31
stor	Kapitel_3	Sidan 31
biff	Kapitel_3	Sidan 31
bearnaisesås	Kapitel_3	Sidan 31
sås	Kapitel_3	Sidan 31
hem	Kapitel_3	Sidan 31
nästan	Kapitel_3	Sidan 31
eftermiddag	Kapitel_3	Sidan 31
berätta	Kapitel_3	Sidan 31
liv	Kapitel_3	Sidan 31
soffa	Kapitel_3	Sidan 31
piano	Kapitel_3	Sidan 31
present	Kapitel_3	Sidan 31
favoritprogram	Kapitel_3	Sidan 31
musik	Kapitel_3	Sidan 31
Tyskland	Kapitel_3	Sidan 31
subjekt	Kapitel_3	Sidan 32
under	Kapitel_3	Sidan 32
bredvid	Kapitel_3	Sidan 32
roll	Kapitel_3	Sidan 32
kväll	Kapitel_3	Sidan 32
skola	Kapitel_3	Sidan 32
bestämd	Kapitel_3	Sidan 33
båda	Kapitel_3	Sidan 33
utanför	Kapitel_3	Sidan 34
klassrum	Kapitel_3	Sidan 34
älg	Kapitel_3	Sidan 34
åh	Kapitel_3	Sidan 34
film	Kapitel_3	Sidan 34
sova	Kapitel_3	Sidan 34
köpcentrum	Kapitel_3	Sidan 34
höger	Kapitel_3	Sidan 34
imperativ	Kapitel_3	Sidan 35
tips	Kapitel_3	Sidan 35
din	Kapitel_3	Sidan 35
ordföljd	Kapitel_3	Sidan 35
stund	Kapitel_3	Sidan 35
glas	Kapitel_3	Sidan 35
yoga	Kapitel_3	Sidan 35
kopp	Kapitel_3	Sidan 35
örtte	Kapitel_3	Sidan 35
surfa	Kapitel_3	Sidan 35
studio	Kapitel_3	Sidan 35
soppa	Kapitel_3	Sidan 35
gym	Kapitel_3	Sidan 35
träna	Kapitel_3	Sidan 35
sallad	Kapitel_3	Sidan 35
mineralvatten	Kapitel_3	Sidan 35
bar	Kapitel_3	Sidan 35
champagne	Kapitel_3	Sidan 35
vid	Kapitel_3	Sidan 35
måste	Kapitel_4	Sidan 36
köpa	Kapitel_4	Sidan 36
närbutik	Kapitel_4	Sidan 36
kontantkort	Kapitel_4	Sidan 36
näsduk	Kapitel_4	Sidan 36
följa	Kapitel_4	Sidan 36
snus	Kapitel_4	Sidan 36
jättehungrig	Kapitel_4	Sidan 36
vilja	Kapitel_4	Sidan 36
kebabställe	Kapitel_4	Sidan 36
kompis	Kapitel_4	Sidan 36
tyvärr	Kapitel_4	Sidan 36
farfar	Kapitel_4	Sidan 36
hjälpverb	Kapitel_4	Sidan 36
te	Kapitel_4	Sidan 36
bulle	Kapitel_4	Sidan 36
kaka	Kapitel_4	Sidan 36
smörgås	Kapitel_4	Sidan 36
partner	Kapitel_4	Sidan 37
nästa	Kapitel_4	Sidan 37
kosta	Kapitel_4	Sidan 37
krona	Kapitel_4	Sidan 37
mer	Kapitel_4	Sidan 37
kort	Kapitel_4	Sidan 37
kod	Kapitel_4	Sidan 37
slå	Kapitel_4	Sidan 37
namnteckning	Kapitel_4	Sidan 37
leg	Kapitel_4	Sidan 37
kvitto	Kapitel_4	Sidan 37
meny	Kapitel_4	Sidan 37
falafelmeny	Kapitel_4	Sidan 37
vänta	Kapitel_4	Sidan 37
tjuga	Kapitel_4	Sidan 37
latte	Kapitel_4	Sidan 37
lyxbulle	Kapitel_4	Sidan 37
varsågod	Kapitel_4	Sidan 37
strax	Kapitel_4	Sidan 37
ovanför	Kapitel_4	Sidan 37
prislista	Kapitel_4	Sidan 38
nedan	Kapitel_4	Sidan 38
apelsin	Kapitel_4	Sidan 38
äpple	Kapitel_4	Sidan 38
kiosk	Kapitel_4	Sidan 38
dosa	Kapitel_4	Sidan 38
glass	Kapitel_4	Sidan 38
godispåse	Kapitel_4	Sidan 38
frimärke	Kapitel_4	Sidan 38
cigarett	Kapitel_4	Sidan 38
lunchrestaurang	Kapitel_4	Sidan 38
lasagne	Kapitel_4	Sidan 38
ostsmörgås	Kapitel_4	Sidan 38
pizza	Kapitel_4	Sidan 38
räksallad	Kapitel_4	Sidan 38
sushi	Kapitel_4	Sidan 38
thaicurry	Kapitel_4	Sidan 38
wrap	Kapitel_4	Sidan 38
bröd	Kapitel_4	Sidan 38
brownie	Kapitel_4	Sidan 38
chokladboll	Kapitel_4	Sidan 38
chokadruta	Kapitel_4	Sidan 38
dammsugare	Kapitel_4	Sidan 38
morotskaka	Kapitel_4	Sidan 38
mazarin	Kapitel_4	Sidan 38
wienerbröd	Kapitel_4	Sidan 38
juice	Kapitel_4	Sidan 38
Nej	Kapitel_4	Sidan 39
några	Kapitel_4	Sidan 39
påse	Kapitel_4	Sidan 39
tomat	Kapitel_4	Sidan 39
näsa	Kapitel_4	Sidan 39
duk	Kapitel_4	Sidan 39
kontant	Kapitel_4	Sidan 39
flera	Kapitel_4	Sidan 39
snabbmatställe	Kapitel_4	Sidan 40
torg	Kapitel_4	Sidan 40
bokstav	Kapitel_4	Sidan 40
paprika	Kapitel_4	Sidan 40
gurka	Kapitel_4	Sidan 40
druva/vindruva	Kapitel_4	Sidan 40
purjolök	Kapitel_4	Sidan 40
päron	Kapitel_4	Sidan 40
pluralform	Kapitel_4	Sidan 41
persika	Kapitel_4	Sidan 41
mataffär	Kapitel_4	Sidan 42
hylla	Kapitel_4	Sidan 42
första	Kapitel_4	Sidan 42
andra	Kapitel_4	Sidan 42
tredje	Kapitel_4	Sidan 42
fjärde	Kapitel_4	Sidan 42
bageri	Kapitel_4	Sidan 42
mejeri	Kapitel_4	Sidan 42
kött	Kapitel_4	Sidan 42
hygien	Kapitel_4	Sidan 42
fisk	Kapitel_4	Sidan 42
skaldjur	Kapitel_4	Sidan 42
chark	Kapitel_4	Sidan 42
dryck	Kapitel_4	Sidan 42
godis	Kapitel_4	Sidan 42
snacks	Kapitel_4	Sidan 42
baka	Kapitel_4	Sidan 42
bakprodukt	Kapitel_4	Sidan 42
falukorv	Kapitel_4	Sidan 42
turkisk	Kapitel_4	Sidan 42
yoghurt	Kapitel_4	Sidan 42
ehh	Kapitel_4	Sidan 42
parmesanost	Kapitel_4	Sidan 42
karta	Kapitel_4	Sidan 42
fil	Kapitel_4	Sidan 42
köttfärs	Kapitel_4	Sidan 42
ostbåge	Kapitel_4	Sidan 42
tvål	Kapitel_4	Sidan 42
smör	Kapitel_4	Sidan 42
mjöl	Kapitel_4	Sidan 42
räka	Kapitel_4	Sidan 42
sill	Kapitel_4	Sidan 42
socker	Kapitel_4	Sidan 42
saltlakrits	Kapitel_4	Sidan 42
fläskkotlett	Kapitel_4	Sidan 42
duschkräm	Kapitel_4	Sidan 42
förpackning	Kapitel_4	Sidan 43
burk	Kapitel_4	Sidan 43
tub	Kapitel_4	Sidan 43
ask	Kapitel_4	Sidan 43
chips	Kapitel_4	Sidan 43
choklad	Kapitel_4	Sidan 43
kaviar	Kapitel_4	Sidan 43
ketchup	Kapitel_4	Sidan 43
knäckebröd	Kapitel_4	Sidan 43
lingonsylt	Kapitel_4	Sidan 43
marmelad	Kapitel_4	Sidan 43
mjukost	Kapitel_4	Sidan 43
mjölk	Kapitel_4	Sidan 43
olja	Kapitel_4	Sidan 43
schampo	Kapitel_4	Sidan 43
tandkräm	Kapitel_4	Sidan 43
tandpetare	Kapitel_4	Sidan 43
tändsticka	Kapitel_4	Sidan 43
ärta	Kapitel_4	Sidan 43
öl	Kapitel_4	Sidan 43
behöva	Kapitel_4	Sidan 44
skinka	Kapitel_4	Sidan 44
oliv	Kapitel_4	Sidan 44
idé	Kapitel_4	Sidan 44
sugen	Kapitel_4	Sidan 44
imitera	Kapitel_4	Sidan 44
stängd	Kapitel_4	Sidan 44
mun	Kapitel_4	Sidan 44
öppen	Kapitel_4	Sidan 44
tunga	Kapitel_4	Sidan 44
bak	Kapitel_4	Sidan 44
id-kort	Kapitel_4	Sidan 44
korv	Kapitel_4	Sidan 44
Australien	Kapitel_4	Sidan 44
Spanien	Kapitel_4	Sidan 44
inköpslista	Kapitel_4	Sidan 45
riva	Kapitel_4	Sidan 45
hekto	Kapitel_4	Sidan 45
gram	Kapitel_4	Sidan 45
teater	Kapitel_5	Sidan 46
experiment	Kapitel_5	Sidan 46
experimentteater	Kapitel_5	Sidan 46
tisdag	Kapitel_5	Sidan 46
träffa	Kapitel_5	Sidan 46
bio	Kapitel_5	Sidan 46
biograf	Kapitel_5	Sidan 46
lördag	Kapitel_5	Sidan 46
hänga	Kapitel_5	Sidan 46
semester	Kapitel_5	Sidan 46
helvete	Kapitel_5	Sidan 46
lust	Kapitel_5	Sidan 46
hockey	Kapitel_5	Sidan 46
onsdag	Kapitel_5	Sidan 46
arena	Kapitel_5	Sidan 46
skoj	Kapitel_5	Sidan 46
fixa	Kapitel_5	Sidan 46
biljett	Kapitel_5	Sidan 46
fredag	Kapitel_5	Sidan 46
låta	Kapitel_5	Sidan 46
pjäs	Kapitel_5	Sidan 46
drömspel	Kapitel_5	Sidan 46
favorit	Kapitel_5	Sidan 46
ikväll	Kapitel_5	Sidan 47
akrobatisk	Kapitel_5	Sidan 47
poesi	Kapitel_5	Sidan 47
gratis	Kapitel_5	Sidan 47
veckodag	Kapitel_5	Sidan 47
torsdag	Kapitel_5	Sidan 47
söndag	Kapitel_5	Sidan 47
betyda	Kapitel_5	Sidan 47
typ	Kapitel_5	Sidan 47
situation	Kapitel_5	Sidan 47
melodi	Kapitel_5	Sidan 47
tycka	Kapitel_5	Sidan 47
fotboll	Kapitel_5	Sidan 47
annons	Kapitel_5	Sidan 48
positiv	Kapitel_5	Sidan 48
negativ	Kapitel_5	Sidan 48
åka	Kapitel_5	Sidan 48
squash	Kapitel_5	Sidan 48
fritid	Kapitel_5	Sidan 49
bruka	Kapitel_5	Sidan 49
konsert	Kapitel_5	Sidan 49
vattengympa	Kapitel_5	Sidan 49
sällan	Kapitel_5	Sidan 49
park	Kapitel_5	Sidan 49
sjunga	Kapitel_5	Sidan 49
kör	Kapitel_5	Sidan 49
fantastisk	Kapitel_5	Sidan 49
asiatisk	Kapitel_5	Sidan 49
trädgård	Kapitel_5	Sidan 49
många	Kapitel_5	Sidan 49
blomma	Kapitel_5	Sidan 49
stan	Kapitel_5	Sidan 49
auktion	Kapitel_5	Sidan 49
jaga	Kapitel_5	Sidan 49
fiska	Kapitel_5	Sidan 49
bibliotek	Kapitel_5	Sidan 49
aldrig	Kapitel_5	Sidan 49
teveserie	Kapitel_5	Sidan 49
polisserie	Kapitel_5	Sidan 49
vinter	Kapitel_5	Sidan 49
adverb	Kapitel_5	Sidan 50
frekvens	Kapitel_5	Sidan 50
special	Kapitel_5	Sidan 50
innebandy	Kapitel_5	Sidan 51
schack	Kapitel_5	Sidan 51
poker	Kapitel_5	Sidan 51
trumpet	Kapitel_5	Sidan 51
skida	Kapitel_5	Sidan 51
skridsko	Kapitel_5	Sidan 51
skateboard	Kapitel_5	Sidan 51
natur	Kapitel_5	Sidan 51
kyrka	Kapitel_5	Sidan 51
museum	Kapitel_5	Sidan 51
krog	Kapitel_5	Sidan 51
klubb	Kapitel_5	Sidan 51
hennes	Kapitel_5	Sidan 51
bioannons	Kapitel_5	Sidan 52
härlig	Kapitel_5	Sidan 52
romantisk	Kapitel_5	Sidan 52
historisk	Kapitel_5	Sidan 52
engelsk	Kapitel_5	Sidan 52
skräckfilm	Kapitel_5	Sidan 52
läskig	Kapitel_5	Sidan 52
svår	Kapitel_5	Sidan 52
hemmakväll	Kapitel_5	Sidan 52
fotbollsmatch	Kapitel_5	Sidan 52
adjektiv	Kapitel_5	Sidan 52
fransk	Kapitel_5	Sidan 52
dansk	Kapitel_5	Sidan 53
tråkig	Kapitel_5	Sidan 53
sorglig	Kapitel_5	Sidan 53
intressant	Kapitel_5	Sidan 53
tysk	Kapitel_5	Sidan 53
kinesisk	Kapitel_5	Sidan 53
amerikansk	Kapitel_5	Sidan 53
indisk	Kapitel_5	Sidan 53
japansk	Kapitel_5	Sidan 53
spännande	Kapitel_5	Sidan 53
koreansk	Kapitel_5	Sidan 53
nyckelord	Kapitel_5	Sidan 53
jätterolig	Kapitel_5	Sidan 53
actionfilm	Kapitel_5	Sidan 53
komedi	Kapitel_5	Sidan 53
dokumentär	Kapitel_5	Sidan 53
science	Kapitel_5	Sidan 53
drama	Kapitel_5	Sidan 53
thriller	Kapitel_5	Sidan 53
prat	Kapitel_5	Sidan 54
tillbaka	Kapitel_5	Sidan 54
kollega	Kapitel_5	Sidan 54
helg	Kapitel_5	Sidan 54
stanna	Kapitel_5	Sidan 54
beställa	Kapitel_5	Sidan 54
feber	Kapitel_5	Sidan 54
toppenkväll	Kapitel_5	Sidan 54
preteritum	Kapitel_5	Sidan 54
ändelse	Kapitel_5	Sidan 54
författare	Kapitel_5	Sidan 54
målare	Kapitel_5	Sidan 54
roman	Kapitel_5	Sidan 54
novell	Kapitel_5	Sidan 54
röd	Kapitel_5	Sidan 54
rum	Kapitel_5	Sidan 54
succé	Kapitel_5	Sidan 54
fader	Kapitel_5	Sidan 54
fröken	Kapitel_5	Sidan 54
berömd	Kapitel_5	Sidan 54
utomlands	Kapitel_5	Sidan 54
gifta	Kapitel_5	Sidan 54
gång	Kapitel_5	Sidan 54
hans	Kapitel_5	Sidan 54
skådespelare	Kapitel_5	Sidan 54
blå	Kapitel_5	Sidan 54
torn	Kapitel_5	Sidan 54
drottning	Kapitel_5	Sidan 54
vampyr	Kapitel_5	Sidan 55
förkyld	Kapitel_5	Sidan 55
byt	Kapitel_5	Sidan 55
liter	Kapitel_5	Sidan 55
nitton	Kapitel_5	Sidan 55
inspiration	Kapitel_5	Sidan 55
jogga	Kapitel_5	Sidan 55
faster	Kapitel_6	Sidan 56
Nobelpristagare	Kapitel_6	Sidan 56
stadshus	Kapitel_6	Sidan 56
pris	Kapitel_6	Sidan 56
kemi	Kapitel_6	Sidan 56
80-talet	Kapitel_6	Sidan 56
examen	Kapitel_6	Sidan 56
stipendium	Kapitel_6	Sidan 56
forskningsstipendium	Kapitel_6	Sidan 56
besöka	Kapitel_6	Sidan 56
molekyl	Kapitel_6	Sidan 56
brev	Kapitel_6	Sidan 56
otrolig	Kapitel_6	Sidan 56
massa	Kapitel_6	Sidan 56
släkting	Kapitel_6	Sidan 56
farbror	Kapitel_6	Sidan 57
kusin	Kapitel_6	Sidan 57
mormor	Kapitel_6	Sidan 57
farmor	Kapitel_6	Sidan 57
moster	Kapitel_6	Sidan 57
förälder	Kapitel_6	Sidan 57
plastförälder	Kapitel_6	Sidan 57
syskon	Kapitel_6	Sidan 57
bonus	Kapitel_6	Sidan 57
bonussyskon	Kapitel_6	Sidan 57
släktmiddag	Kapitel_6	Sidan 57
julmat	Kapitel_6	Sidan 57
prisutdelning	Kapitel_6	Sidan 57
honom	Kapitel_6	Sidan 57
vandrarhem	Kapitel_6	Sidan 57
objektspronomen	Kapitel_6	Sidan 57
mig	Kapitel_6	Sidan 57
dig	Kapitel_6	Sidan 57
den/det	Kapitel_6	Sidan 57
henne	Kapitel_6	Sidan 57
dem	Kapitel_6	Sidan 57
oss	Kapitel_6	Sidan 57
leta	Kapitel_6	Sidan 57
tidsadverb	Kapitel_6	Sidan 58
intervjua	Kapitel_6	Sidan 58
passa	Kapitel_6	Sidan 58
far	Kapitel_6	Sidan 58
mor	Kapitel_6	Sidan 58
morbror	Kapitel_6	Sidan 58
barnbarn	Kapitel_6	Sidan 58
separera	Kapitel_6	Sidan 59
plastpappa	Kapitel_6	Sidan 59
låtsaspappa	Kapitel_6	Sidan 59
regnbåge	Kapitel_6	Sidan 59
regnbågsfamilj	Kapitel_6	Sidan 59
psykolog	Kapitel_6	Sidan 59
meteorolog	Kapitel_6	Sidan 59
ge	Kapitel_6	Sidan 59
dansare	Kapitel_6	Sidan 59
Nämen	Kapitel_6	Sidan 60
Nederländerna	Kapitel_6	Sidan 60
mitt	Kapitel_6	Sidan 60
mina	Kapitel_6	Sidan 60
ditt	Kapitel_6	Sidan 60
dina	Kapitel_6	Sidan 60
vår	Kapitel_6	Sidan 60
deras	Kapitel_6	Sidan 60
hus	Kapitel_6	Sidan 60
bil	Kapitel_6	Sidan 60
vacker	Kapitel_6	Sidan 61
anteckna	Kapitel_6	Sidan 61
bäst	Kapitel_6	Sidan 61
viktig	Kapitel_6	Sidan 61
dynamit	Kapitel_6	Sidan 62
december	Kapitel_6	Sidan 62
speciell	Kapitel_6	Sidan 62
Nobeldagen	Kapitel_6	Sidan 62
dela	Kapitel_6	Sidan 62
fysik	Kapitel_6	Sidan 62
medicin	Kapitel_6	Sidan 62
litteratur	Kapitel_6	Sidan 62
konserthus	Kapitel_6	Sidan 62
riksbanken	Kapitel_6	Sidan 62
ceremoni	Kapitel_6	Sidan 62
fredspris	Kapitel_6	Sidan 62
prissumma	Kapitel_6	Sidan 62
olik	Kapitel_6	Sidan 62
varje	Kapitel_6	Sidan 62
miljon	Kapitel_6	Sidan 62
festsal	Kapitel_6	Sidan 62
dekorera	Kapitel_6	Sidan 62
just	Kapitel_6	Sidan 62
växa	Kapitel_6	Sidan 62
flytta	Kapitel_6	Sidan 62
experimentera	Kapitel_6	Sidan 62
nitroglycerin	Kapitel_6	Sidan 62
katastrof	Kapitel_6	Sidan 62
explodera	Kapitel_6	Sidan 62
dö	Kapitel_6	Sidan 62
bygga	Kapitel_6	Sidan 62
fabrik	Kapitel_6	Sidan 62
fortsätta	Kapitel_6	Sidan 62
arbete	Kapitel_6	Sidan 62
patent	Kapitel_6	Sidan 62
tjäna	Kapitel_6	Sidan 62
cirka	Kapitel_6	Sidan 62
relation	Kapitel_6	Sidan 62
testamente	Kapitel_6	Sidan 62
starta	Kapitel_6	Sidan 62
fond	Kapitel_6	Sidan 62
resa	Kapitel_6	Sidan 63
dra	Kapitel_6	Sidan 63
streck	Kapitel_6	Sidan 63
understruken	Kapitel_6	Sidan 63
Portugal	Kapitel_6	Sidan 63
karriär	Kapitel_6	Sidan 64
tenniskarriär	Kapitel_6	Sidan 64
kläder	Kapitel_6	Sidan 64
firma	Kapitel_6	Sidan 64
klädfirma	Kapitel_6	Sidan 64
gissa	Kapitel_6	Sidan 64
Va	Kapitel_6	Sidan 64
hundra	Kapitel_6	Sidan 64
sjutton	Kapitel_6	Sidan 64
barndom	Kapitel_6	Sidan 65
vuxen	Kapitel_6	Sidan 65
komponera	Kapitel_6	Sidan 65
uppfinna	Kapitel_6	Sidan 65
konstruera	Kapitel_6	Sidan 65
kämpa	Kapitel_6	Sidan 65
grunda	Kapitel_6	Sidan 65
vinna	Kapitel_6	Sidan 65
konstnär	Kapitel_6	Sidan 65
kompositör	Kapitel_6	Sidan 65
uppfinnare	Kapitel_6	Sidan 65
aktivist	Kapitel_6	Sidan 65
forskare	Kapitel_6	Sidan 65
shoppa	Kaptiel_7	Sidan 66
jqshopping	Kaptiel_7	Sidan 66
storstad	Kaptiel_7	Sidan 66
månad	Kaptiel_7	Sidan 66
köp	Kaptiel_7	Sidan 66
galleria	Kaptiel_7	Sidan 66
småsaker	Kaptiel_7	Sidan 66
hårvax	Kaptiel_7	Sidan 66
ansikte	Kaptiel_7	Sidan 66
ansiktskräm	Kaptiel_7	Sidan 66
glad	Kaptiel_7	Sidan 66
tusen	Kaptiel_7	Sidan 66
outlet	Kaptiel_7	Sidan 66
snygg	Kaptiel_7	Sidan 66
systemkamera	Kaptiel_7	Sidan 66
dyr	Kaptiel_7	Sidan 66
jättedyr	Kaptiel_7	Sidan 66
mode	Kaptiel_7	Sidan 67
mest	Kaptiel_7	Sidan 67
handla	Kaptiel_7	Sidan 67
rea	Kaptiel_7	Sidan 67
trehundra	Kaptiel_7	Sidan 67
femhundra	Kaptiel_7	Sidan 67
strumpa	Kaptiel_7	Sidan 67
hår	Kaptiel_7	Sidan 67
hårschampo	Kaptiel_7	Sidan 67
musikaffär	Kaptiel_7	Sidan 67
trumma	Kaptiel_7	Sidan 67
trumset	Kaptiel_7	Sidan 67
begagnad	Kaptiel_7	Sidan 67
loppis	Kaptiel_7	Sidan 67
femtio	Kaptiel_7	Sidan 67
nätet	Kaptiel_7	Sidan 67
fungera	Kaptiel_7	Sidan 67
bara	Kaptiel_7	Sidan 67
procent	Kaptiel_7	Sidan 67
textil	Kaptiel_7	Sidan 67
slänga	Kaptiel_7	Sidan 67
garderob	Kaptiel_7	Sidan 67
plagg	Kaptiel_7	Sidan 68
byxor	Kaptiel_7	Sidan 68
jacka	Kaptiel_7	Sidan 68
trosor	Kaptiel_7	Sidan 68
kjol	Kaptiel_7	Sidan 68
slips	Kaptiel_7	Sidan 68
bh	Kaptiel_7	Sidan 68
kavaj	Kaptiel_7	Sidan 68
skjorta	Kaptiel_7	Sidan 68
linne	Kaptiel_7	Sidan 68
kalsonger	Kaptiel_7	Sidan 68
vit	Kaptiel_7	Sidan 68
grön	Kaptiel_7	Sidan 68
grå	Kaptiel_7	Sidan 68
orange	Kaptiel_7	Sidan 68
randig	Kaptiel_7	Sidan 68
rutig	Kaptiel_7	Sidan 68
gul	Kaptiel_7	Sidan 68
brun	Kaptiel_7	Sidan 68
svart	Kaptiel_7	Sidan 68
rosa	Kaptiel_7	Sidan 68
prickig	Kaptiel_7	Sidan 68
ur	Kaptiel_7	Sidan 69
bred	Kaptiel_7	Sidan 69
mjuk	Kaptiel_7	Sidan 69
äcklig	Kaptiel_7	Sidan 69
ljus	Kaptiel_7	Sidan 69
billig	Kaptiel_7	Sidan 69
modern	Kaptiel_7	Sidan 69
omodern	Kaptiel_7	Sidan 69
mörk	Kaptiel_7	Sidan 69
hård	Kaptiel_7	Sidan 69
smal	Kaptiel_7	Sidan 69
ful	Kaptiel_7	Sidan 69
shoppingexperiment	Kaptiel_7	Sidan 70
underbar	Kaptiel_7	Sidan 70
singelmamma	Kaptiel_7	Sidan 70
strejk	Kaptiel_7	Sidan 70
shoppingstrejk	Kaptiel_7	Sidan 70
jobbig	Kaptiel_7	Sidan 70
spara	Kaptiel_7	Sidan 70
förut	Kaptiel_7	Sidan 70
låna	Kaptiel_7	Sidan 70
smart	Kaptiel_7	Sidan 70
ingen	Kaptiel_7	Sidan 71
inget	Kaptiel_7	Sidan 71
inga	Kaptiel_7	Sidan 71
fantisera	Kaptiel_7	Sidan 71
säng	Kaptiel_7	Sidan 72
täcke	Kaptiel_7	Sidan 72
madrass	Kaptiel_7	Sidan 72
kudde	Kaptiel_7	Sidan 72
underlakan	Kaptiel_7	Sidan 72
örngott	Kaptiel_7	Sidan 72
påslakan	Kaptiel_7	Sidan 72
sängavdelning	Kaptiel_7	Sidan 72
möbel	Kaptiel_7	Sidan 72
säljare	Kaptiel_7	Sidan 72
serie	Kaptiel_7	Sidan 72
populär	Kaptiel_7	Sidan 72
prova	Kaptiel_7	Sidan 72
pröva	Kaptiel_7	Sidan 72
prinsessa	Kaptiel_7	Sidan 72
perfekt	Kaptiel_7	Sidan 73
ställa	Kaptiel_7	Sidan 73
dubbelsäng	Kaptiel_7	Sidan 73
total	Kaptiel_7	Sidan 73
kvalitet	Kaptiel_7	Sidan 73
garanti	Kaptiel_7	Sidan 73
erbjudande	Kaptiel_7	Sidan 73
specialerbjudande	Kaptiel_7	Sidan 73
egyptisk	Kaptiel_7	Sidan 73
bomull	Kaptiel_7	Sidan 73
duntäcke	Kaptiel_7	Sidan 73
sänglampa	Kaptiel_7	Sidan 73
tusental	Kaptiel_7	Sidan 73
hundratal	Kaptiel_7	Sidan 73
plural	Kaptiel_7	Sidan 73
placera	Kaptiel_7	Sidan 74
färg	Kaptiel_7	Sidan 74
bytesrätt	Kaptiel_7	Sidan 74
fundera	Kaptiel_7	Sidan 74
ögonskugga	Kaptiel_7	Sidan 74
löparsko	Kaptiel_7	Sidan 75
springa	Kaptiel_7	Sidan 75
skog	Kaptiel_7	Sidan 75
väg	Kaptiel_7	Sidan 75
löpband	Kaptiel_7	Sidan 75
lämna	Kaptiel_7	Sidan 75
komparation	Kaptiel_7	Sidan 75
kål	Kaptiel_7	Sidan 75
kär	Kaptiel_7	Sidan 75
skål	Kaptiel_7	Sidan 75
skina	Kaptiel_7	Sidan 75
skylt	Kaptiel_7	Sidan 75
skär	Kaptiel_7	Sidan 75
skön	Kaptiel_7	Sidan 75
sport	Kaptiel_7	Sidan 76
vildmark	Kaptiel_7	Sidan 76
festival	Kaptiel_7	Sidan 76
fleece-tröja	Kaptiel_7	Sidan 76
sportstrumpa	Kaptiel_7	Sidan 76
tält	Kaptiel_7	Sidan 76
köpare	Kaptiel_7	Sidan 77
rekommendera	Kaptiel_7	Sidan 77
kund	Kaptiel_7	Sidan 78
försäljare	Kaptiel_7	Sidan 78
block	Kaptiel_7	Sidan 78
rekonstruera	Kaptiel_7	Sidan 78
lucka	Kaptiel_7	Sidan 78
prislapp	Kaptiel_7	Sidan 78
utrop	Kaptiel_7	Sidan 78
specialpris	Kaptiel_7	Sidan 78
resväska	Kaptiel_7	Sidan 79
neongrön	Kaptiel_7	Sidan 79
bagage	Kaptiel_7	Sidan 79
bagageband	Kaptiel_7	Sidan 79
siden	Kaptiel_7	Sidan 79
klänning	Kaptiel_7	Sidan 79
sidenklänning	Kaptiel_7	Sidan 79
guld	Kaptiel_7	Sidan 79
Skansen	Kapitel_8	Sidan 80
friluftsmuseum	Kapitel_8	Sidan 80
typisk	Kapitel_8	Sidan 80
nordisk	Kapitel_8	Sidan 80
björn	Kapitel_8	Sidan 80
säl	Kapitel_8	Sidan 80
lodjur	Kapitel_8	Sidan 80
varg	Kapitel_8	Sidan 80
skärgård	Kapitel_8	Sidan 80
norr	Kapitel_8	Sidan 80
öster	Kapitel_8	Sidan 80
söder	Kapitel_8	Sidan 80
väster	Kapitel_8	Sidan 80
ö	Kapitel_8	Sidan 80
båt	Kapitel_8	Sidan 80
SOFO	Kapitel_8	Sidan 80
Drottningholm	Kapitel_8	Sidan 80
historia	Kapitel_8	Sidan 80
slott	Kapitel_8	Sidan 80
turist	Kapitel_8	Sidan 80
slottsteater	Kapitel_8	Sidan 80
Kanada	Kapitel_8	Sidan 80
planera	Kapitel_8	Sidan 80
väder	Kapitel_8	Sidan 80
väderprognos	Kapitel_8	Sidan 80
packa	Kapitel_8	Sidan 80
regn	Kapitel_8	Sidan 80
regnkläder	Kapitel_8	Sidan 80
solglasögon	Kapitel_8	Sidan 80
grej	Kapitel_8	Sidan 80
myggmedel	Kapitel_8	Sidan 80
forum	Kapitel_8	Sidan 80
designprylar	Kapitel_8	Sidan 80
paddla	Kapitel_8	Sidan 80
borde	Kapitel_8	Sidan 81
supinum	Kapitel_8	Sidan 81
prickruta	Kapitel_8	Sidan 82
ordningstal	Kapitel_8	Sidan 82
femte	Kapitel_8	Sidan 82
sjätte	Kapitel_8	Sidan 82
sjunde	Kapitel_8	Sidan 82
åttonde	Kapitel_8	Sidan 82
nionde	Kapitel_8	Sidan 82
tionde	Kapitel_8	Sidan 82
elfte	Kapitel_8	Sidan 82
tolfte	Kapitel_8	Sidan 82
trettonde	Kapitel_8	Sidan 82
fjortonde	Kapitel_8	Sidan 82
nfemtonde	Kapitel_8	Sidan 82
sextonde	Kapitel_8	Sidan 82
sjuttonde	Kapitel_8	Sidan 82
artonde	Kapitel_8	Sidan 82
nittonde	Kapitel_8	Sidan 82
tjugonde	Kapitel_8	Sidan 82
tjugoförsta	Kapitel_8	Sidan 82
trettionde	Kapitel_8	Sidan 82
trettioförsta	Kapitel_8	Sidan 82
januari	Kapitel_8	Sidan 82
februari	Kapitel_8	Sidan 82
mars	Kapitel_8	Sidan 82
april	Kapitel_8	Sidan 82
maj	Kapitel_8	Sidan 82
juni	Kapitel_8	Sidan 82
juli	Kapitel_8	Sidan 82
augusti	Kapitel_8	Sidan 82
september	Kapitel_8	Sidan 82
oktober	Kapitel_8	Sidan 82
november	Kapitel_8	Sidan 82
datum	Kapitel_8	Sidan 82
födelsedag	Kapitel_8	Sidan 82
nationaldag	Kapitel_8	Sidan 82
o.s.v.	Kapitel_8	Sidan 82
sommarstuga	Kapitel_8	Sidan 83
holiday	Kapitel_8	Sidan 83
karaoke	Kapitel_8	Sidan 83
nervös	Kapitel_8	Sidan 83
jättenervös	Kapitel_8	Sidan 83
applåd	Kapitel_8	Sidan 83
hoppa	Kapitel_8	Sidan 83
modig	Kapitel_8	Sidan 83
höjdrädd	Kapitel_8	Sidan 83
dansgolv	Kapitel_8	Sidan 83
tidpunkt	Kapitel_8	Sidan 83
tidspreposition	Kapitel_8	Sidan 83
rida	Kapitel_8	Sidan 84
köra	Kapitel_8	Sidan 84
motorcykel	Kapitel_8	Sidan 84
tälta	Kapitel_8	Sidan 84
klättra	Kapitel_8	Sidan 84
mejla	Kapitel_8	Sidan 85
hälsning	Kapitel_8	Sidan 85
destination	Kapitel_8	Sidan 85
Egypten	Kapitel_8	Sidan 85
dricks	Kapitel_8	Sidan 87
service	Kapitel_8	Sidan 87
hinna	Kapitel_8	Sidan 87
orka	Kapitel_8	Sidan 87
vinterjacka	Kapitel_8	Sidan 88
läxa	Kapitel_8	Sidan 88
Sverigeresa	Kapitel_8	Sidan 89
frågealternativ	Kapitel_8	Sidan 89
hotell	Kapitel_8	Sidan 89
fjäll	Kapitel_8	Sidan 90
hav	Kapitel_8	Sidan 90
sola	Kapitel_8	Sidan 90
cykla	Kapitel_8	Sidan 90
vandra	Kapitel_8	Sidan 90
våffla	Kapitel_8	Sidan 90
flyga	Kapitel_8	Sidan 90
växla	Kapitel_8	Sidan 91
spendera	Kapitel_8	Sidan 91
ex	Kapitel_8	Sidan 83
transport	Kapitel_9	Sidan 92
spår	Kapitel_9	Sidan 92
vagn	Kapitel_9	Sidan 92
restaurangvagn	Kapitel_9	Sidan 92
max	Kapitel_9	Sidan 92
hållplats	Kapitel_9	Sidan 92
snabb	Kapitel_9	Sidan 92
Göteborg	Kapitel_9	Sidan 92
mack	Kapitel_9	Sidan 92
avgångstid	Kapitel_9	Sidan 93
handbagage	Kapitel_9	Sidan 93
stressa	Kapitel_9	Sidan 93
färja	Kapitel_9	Sidan 93
Helsingfors	Kapitel_9	Sidan 93
linje	Kapitel_9	Sidan 93
trafik	Kapitel_9	Sidan 93
taxameter	Kapitel_9	Sidan 93
Mexiko	Kapitel_9	Sidan 93
etta	Kapitel_9	Sidan 94
tvåa	Kapitel_9	Sidan 94
trea	Kapitel_9	Sidan 94
fyra	Kapitel_9	Sidan 94
femma	Kapitel_9	Sidan 94
sexa	Kapitel_9	Sidan 94
sjua	Kapitel_9	Sidan 94
åtta	Kapitel_9	Sidan 94
nia	Kapitel_9	Sidan 94
tia	Kapitel_9	Sidan 94
nollåtta	Kapitel_9	Sidan 94
hiss	Kapitel_9	Sidan 94
ingenting	Kapitel_9	Sidan 94
jättenöjd	Kapitel_9	Sidan 94
sjuttiosexa	Kapitel_9	Sidan 94
åttiofemma	Kapitel_9	Sidan 94
femtiosjua	Kapitel_9	Sidan 94
yngre	Kapitel_9	Sidan 94
spårvagn	Kapitel_9	Sidan 94
skostorlek	Kapitel_9	Sidan 94
födelseår	Kapitel_9	Sidan 94
gatunummer	Kapitel_9	Sidan 94
våningsplan	Kapitel_9	Sidan 94
drink	Kapitel_9	Sidan 94
tärningsslag	Kapitel_9	Sidan 94
årskurs	Kapitel_9	Sidan 94
flyg	Kapitel_9	Sidan 95
Indien	Kapitel_9	Sidan 95
partikelverb	Kapitel_9	Sidan 95
obetonad	Kapitel_9	Sidan 95
station	Kapitel_9	Sidan 95
pendeltåg	Kapitel_9	Sidan 95
camping	Kapitel_9	Sidan 96
Köpenhamn	Kapitel_9	Sidan 96
Öresundsbron	Kapitel_9	Sidan 96
mysig	Kapitel_9	Sidan 96
framtidsadverb	Kapitel_9	Sidan 96
föreläsning	Kapitel_9	Sidan 96
snart	Kapitel_9	Sidan 96
jul	Kapitel_9	Sidan 96
försenad	Kapitel_9	Sidan 97
anslutningsbuss	Kapitel_9	Sidan 97
flygbuss	Kapitel_9	Sidan 97
terminal	Kapitel_9	Sidan 97
framme	Kapitel_9	Sidan 97
flight	Kapitel_9	Sidan 97
gate	Kapitel_9	Sidan 97
reception	Kapitel_9	Sidan 97
receptionist	Kapitel_9	Sidan 97
jättefin	Kapitel_9	Sidan 97
utställning	Kapitel_9	Sidan 97
surrealism	Kapitel_9	Sidan 97
verkligen	Kapitel_9	Sidan 97
hamn	Kapitel_9	Sidan 97
mot	Kapitel_9	Sidan 98
dåtid	Kapitel_9	Sidan 98
framtid	Kapitel_9	Sidan 98
rast	Kapitel_9	Sidan 98
korsning	Kapitel_9	Sidan 99
tobaksaffär	Kapitel_9	Sidan 99
mittemot	Kapitel_9	Sidan 99
längs	Kapitel_9	Sidan 99
förklaring	Kapitel_9	Sidan 100
bro	Kapitel_9	Sidan 100
tvärgata	Kapitel_9	Sidan 100
förbi	Kapitel_9	Sidan 100
korsa	Kapitel_9	Sidan 100
rita	Kapitel_9	Sidan 100
ovanlig	Kapitel_9	Sidan 101
fågel	Kapitel_9	Sidan 101
tunnel	Kapitel_9	Sidan 101
region	Kapitel_9	Sidan 101
pendla	Kapitel_9	Sidan 101
fotbollsspelare	Kapitel_9	Sidan 101
landskap	Kapitel_9	Sidan 102
prognos	Kapitel_9	Sidan 102
sms	Kapitel_9	Sidan 103
sms-konversation	Kapitel_9	Sidan 103
bada	Kapitel_9	Sidan 103
älskling	Kapitel_9	Sidan 103
slappa	Kapitel_9	Sidan 103
granne	Kapitel_9	Sidan 103
puss	Kapitel_9	Sidan 103
vattna	Kapitel_9	Sidan 103
förkortning	Kapitel_9	Sidan 103
avslut	Kapitel_9	Sidan 103
hörs	Kapitel_9	Sidan 103
rondell	Kapitel_9	Sidan 92
elva	Kapitel_9	Sidan 94
tolva	Kapitel_9	Sidan 94
kanal	Kapitel_9	Sidan 100
passera	Kapitel_9	Sidan 100
skandinavisk	Kaptiel_10	Sidan 104
halvö	Kaptiel_10	Sidan 104
polcirkel	Kaptiel_10	Sidan 104
genom	Kaptiel_10	Sidan 104
platt	Kaptiel_10	Sidan 104
kustlinje	Kaptiel_10	Sidan 104
sjö	Kaptiel_10	Sidan 104
kust	Kaptiel_10	Sidan 104
tiotusental	Kaptiel_10	Sidan 104
Östersjön	Kaptiel_10	Sidan 104
Europa	Kaptiel_10	Sidan 104
ytan	Kaptiel_10	Sidan 104
tredjedel	Kaptiel_10	Sidan 104
ursprung	Kaptiel_10	Sidan 105
ursprungsbefolkning	Kaptiel_10	Sidan 105
same	Kaptiel_10	Sidan 105
samisk	Kaptiel_10	Sidan 105
parlament	Kaptiel_10	Sidan 105
istid	Kaptiel_10	Sidan 105
Ryssland	Kaptiel_10	Sidan 105
fattig	Kaptiel_10	Sidan 105
jordbruksland	Kaptiel_10	Sidan 105
emigrera	Kaptiel_10	Sidan 105
Nordamerika	Kaptiel_10	Sidan 105
industri	Kaptiel_10	Sidan 105
arbetskraft	Kaptiel_10	Sidan 105
därför	Kaptiel_10	Sidan 105
Sydeuropa	Kaptiel_10	Sidan 105
sämre	Kaptiel_10	Sidan 105
ändra	Kaptiel_10	Sidan 105
politik	Kaptiel_10	Sidan 105
invandring	Kaptiel_10	Sidan 105
samtidig	Kaptiel_10	Sidan 105
flykting	Kaptiel_10	Sidan 105
asyl	Kaptiel_10	Sidan 105
Latinamerika	Kaptiel_10	Sidan 105
Mellanöstern	Kaptiel_10	Sidan 105
EU-medborgare	Kaptiel_10	Sidan 105
femtedel	Kaptiel_10	Sidan 105
export	Kaptiel_10	Sidan 105
trä	Kaptiel_10	Sidan 105
wood	Kaptiel_10	Sidan 105
järn	Kaptiel_10	Sidan 105
stål	Kaptiel_10	Sidan 105
elektronik	Kaptiel_10	Sidan 105
telekom	Kaptiel_10	Sidan 105
artist	Kaptiel_10	Sidan 105
skogsvaror	Kaptiel_10	Sidan 105
mineralvaror	Kaptiel_10	Sidan 105
kemivaror	Kaptiel_10	Sidan 105
energivaror	Kaptiel_10	Sidan 105
verkstadsprodukter	Kaptiel_10	Sidan 105
övriga	Kaptiel_10	Sidan 105
invånare	Kaptiel_10	Sidan 106
rik	Kaptiel_10	Sidan 106
naturresurs	Kaptiel_10	Sidan 106
exportera	Kaptiel_10	Sidan 106
säker	Kaptiel_10	Sidan 106
exakt	Kaptiel_10	Sidan 106
fel	Kaptiel_10	Sidan 106
politiker	Kaptiel_10	Sidan 107
diplomat	Kaptiel_10	Sidan 107
vetenskapsman	Kaptiel_10	Sidan 107
popstjärna	Kaptiel_10	Sidan 107
regissör	Kaptiel_10	Sidan 107
helgon	Kaptiel_10	Sidan 107
idrottare	Kaptiel_10	Sidan 107
operasångare	Kaptiel_10	Sidan 107
millennium	Kaptiel_10	Sidan 107
exemplar	Kaptiel_10	Sidan 107
normal	Kaptiel_10	Sidan 108
utlänning	Kaptiel_10	Sidan 108
studenttidning	Kaptiel_10	Sidan 108
intervju	Kaptiel_10	Sidan 108
utbytesstudent	Kaptiel_10	Sidan 108
mil	Kaptiel_10	Sidan 108
kilometer	Kaptiel_10	Sidan 108
fläskfilé	Kaptiel_10	Sidan 108
jättekonstig	Kaptiel_10	Sidan 108
barnvagn	Kaptiel_10	Sidan 108
jättegullig	Kaptiel_10	Sidan 108
föräldraledig	Kaptiel_10	Sidan 108
Österrike	Kaptiel_10	Sidan 108
praktisk	Kaptiel_10	Sidan 108
köttbulle	Kaptiel_10	Sidan 108
sylt	Kaptiel_10	Sidan 108
pasta	Kaptiel_10	Sidan 108
Frankrike	Kaptiel_10	Sidan 108
tobak	Kaptiel_10	Sidan 108
läpp	Kaptiel_10	Sidan 108
Usch!	Kaptiel_10	Sidan 108
Polen	Kaptiel_10	Sidan 108
luft	Kaptiel_10	Sidan 108
astma	Kaptiel_10	Sidan 108
Lettland	Kaptiel_10	Sidan 108
gullig	Kaptiel_10	Sidan 109
hemsk	Kaptiel_10	Sidan 109
kvadratkilometer	Kaptiel_10	Sidan 110
Klarälven-Götaälv	Kaptiel_10	Sidan 110
huvudstad	Kaptiel_10	Sidan 110
officiell	Kaptiel_10	Sidan 110
minoritetsspråk	Kaptiel_10	Sidan 110
statskick	Kaptiel_10	Sidan 110
regent	Kaptiel_10	Sidan 110
befolkning	Kaptiel_10	Sidan 110
befokningstäthet	Kaptiel_10	Sidan 110
valuta	Kaptiel_10	Sidan 110
flod	Kaptiel_10	Sidan 110
berg	Kaptiel_10	Sidan 110
landsnummer	Kaptiel_10	Sidan 110
bruttonationalprodukt	Kaptiel_10	Sidan 110
förnamn	Kaptiel_10	Sidan 111
tilltalsnamn	Kaptiel_10	Sidan 111
kvinnonamn	Kaptiel_10	Sidan 111
mansnamn	Kaptiel_10	Sidan 111
separat	Kaptiel_10	Sidan 111
geografi	Kaptiel_10	Sidan 111
religion	Kaptiel_10	Sidan 111
kultur	Kaptiel_10	Sidan 111
enkel	Kaptiel_10	Sidan 111
gränsa	Kaptiel_10	Sidan 111
öken	Kaptiel_10	Sidan 111
åkermark	Kaptiel_10	Sidan 111
muslim	Kaptiel_10	Sidan 111
kristen	Kaptiel_10	Sidan 111
protestant	Kaptiel_10	Sidan 111
katolik	Kaptiel_10	Sidan 111
hindu	Kaptiel_10	Sidan 111
jude	Kaptiel_10	Sidan 111
buddhist	Kaptiel_10	Sidan 111
odla	Kaptiel_10	Sidan 111
producera	Kaptiel_10	Sidan 111
importera	Kaptiel_10	Sidan 111
idrottsman	Kaptiel_10	Sidan 111
pappersmassa	Kaptiel_10	Sidan 105
operasångerska	Kaptiel_10	Sidan 107
föreslå	Kapitel_11	Sidan 112
verbfras	Kapitel_11	Sidan 112
konstutställning	Kapitel_11	Sidan 113
golf	Kapitel_11	Sidan 113
språkkurs	Kapitel_11	Sidan 113
dejta	Kapitel_11	Sidan 113
ensam	Kapitel_11	Sidan 113
bjuda	Kapitel_11	Sidan 113
skolflicka	Kapitel_11	Sidan 113
dagisbarn	Kapitel_11	Sidan 113
metod	Kapitel_11	Sidan 114
stilig	Kapitel_11	Sidan 114
nybörjarkurs	Kapitel_11	Sidan 114
lära	Kapitel_11	Sidan 114
nätdejting	Kapitel_11	Sidan 114
svar	Kapitel_11	Sidan 114
beskrivning	Kapitel_11	Sidan 114
profil	Kapitel_11	Sidan 114
dejtingsajt	Kapitel_11	Sidan 114
barnfri	Kapitel_11	Sidan 114
singeltjej	Kapitel_11	Sidan 114
duktig	Kapitel_11	Sidan 114
sportig	Kapitel_11	Sidan 114
löpning	Kapitel_11	Sidan 114
dröm	Kapitel_11	Sidan 114
tur	Kapitel_11	Sidan 114
rad	Kapitel_11	Sidan 114
meddelande	Kapitel_11	Sidan 114
inne	Kapitel_11	Sidan 115
sportbar	Kapitel_11	Sidan 115
sporthatare	Kapitel_11	Sidan 115
korvkiosk	Kapitel_11	Sidan 115
gård	Kapitel_11	Sidan 115
frånskild	Kapitel_11	Sidan 115
varannan	Kapitel_11	Sidan 115
älgstek	Kapitel_11	Sidan 115
tvätta	Kapitel_11	Sidan 115
leka	Kapitel_11	Sidan 115
kök	Kapitel_11	Sidan 115
körkort	Kapitel_11	Sidan 115
sitta	Kapitel_11	Sidan 115
opera	Kapitel_11	Sidan 116
huslig	Kapitel_11	Sidan 116
äventyrlig	Kapitel_11	Sidan 116
arbetslös	Kapitel_11	Sidan 116
manlig	Kapitel_11	Sidan 116
ointressant	Kapitel_11	Sidan 116
töntig	Kapitel_11	Sidan 116
verka	Kapitel_11	Sidan 116
Va!	Kapitel_11	Sidan 116
Konjunktion	Kapitel_11	Sidan 117
repetera	Kapitel_11	Sidan 117
tangentbord	Kapitel_11	Sidan 118
papperskorg	Kapitel_11	Sidan 118
sladd	Kapitel_11	Sidan 118
kabel	Kapitel_11	Sidan 118
snabel-a	Kapitel_11	Sidan 118
mapp	Kapitel_11	Sidan 118
bindestreck	Kapitel_11	Sidan 118
ångra	Kapitel_11	Sidan 118
bifoga	Kapitel_11	Sidan 118
mus	Kapitel_11	Sidan 118
punkt	Kapitel_11	Sidan 118
understreck	Kapitel_11	Sidan 118
skärm	Kapitel_11	Sidan 118
öppna	Kapitel_11	Sidan 118
utropstecken	Kapitel_11	Sidan 118
snedstreck	Kapitel_11	Sidan 118
typsnitt	Kapitel_11	Sidan 118
sök	Kapitel_11	Sidan 118
klicka	Kapitel_11	Sidan 119
logga	Kapitel_11	Sidan 119
virus	Kapitel_11	Sidan 119
lösenord	Kapitel_11	Sidan 119
koppla	Kapitel_11	Sidan 119
länk	Kapitel_11	Sidan 119
fylla	Kapitel_11	Sidan 119
hårddisk	Kapitel_11	Sidan 119
stänga	Kapitel_11	Sidan 119
ladda	Kapitel_11	Sidan 119
stoppa	Kapitel_11	Sidan 119
ikon	Kapitel_11	Sidan 119
glömma	Kapitel_11	Sidan 119
trasig	Kapitel_11	Sidan 119
krascha	Kapitel_11	Sidan 119
antivirusprogram	Kapitel_11	Sidan 119
Pang!	Kapitel_11	Sidan 119
dokument	Kapitel_11	Sidan 119
skrivare	Kapitel_11	Sidan 119
USB-ingång	Kapitel_11	Sidan 120
förbjudet	Kapitel_11	Sidan 120
Jo	Kapitel_11	Sidan 120
e-postadress	Kapitel_11	Sidan 120
stavelse	Kapitel_11	Sidan 120
kategori	Kapitel_11	Sidan 121
frågetecken	Kapitel_11	Sidan 118
jordgubbe	Kapitel_12	Sidan 122
råg	Kapitel_12	Sidan 122
lax	Kapitel_12	sidan 122
traditionell	Kapitel_12	Sidan 123
råvara	Kapitel_12	Sidan 123
vardagsmat	Kapitel_12	Sidan 123
maträtt	Kapitel_12	Sidan 123
växt	Kapitel_12	Sidan 123
variation	Kapitel_12	Sidan 123
klimat	Kapitel_12	Sidan 123
bas	Kapitel_12	Sidan 123
kokt	Kapitel_12	Sidan 123
potatismos	Kapitel_12	Sidan 123
potatisgratäng	Kapitel_12	Sidan 123
potatissallad	Kapitel_12	Sidan 123
färskpotatis	Kapitel_12	Sidan 123
nykokt	Kapitel_12	Sidan 123
dill	Kapitel_12	Sidan 123
1600-tal	Kapitel_12	Sidan 123
bonde	Kapitel_12	Sidan 123
skeptisk	Kapitel_12	Sidan 123
1800-tal	Kapitel_12	Sidan 123
brännvin	Kapitel_12	Sidan 123
rågmjöl	Kapitel_12	Sidan 123
salt	Kapitel_12	Sidan 123
tunn	Kapitel_12	Sidan 123
skafferi	Kapitel_12	Sidan 123
älgpark	Kapitel_12	Sidan 123
trettiotal	Kapitel_12	Sidan 123
gryta	Kapitel_12	Sidan 123
stek	Kapitel_12	Sidan 123
älgbulle	Kapitel_12	Sidan 123
älgburgare	Kapitel_12	Sidan 123
nötkött	Kapitel_12	Sidan 123
ostkust	Kapitel_12	Sidan 123
västkust	Kapitel_12	Sidan 123
inlagd	Kapitel_12	Sidan 123
ättika	Kapitel_12	Sidan 123
vinäger	Kapitel_12	Sidan 123
strömming	Kapitel_12	Sidan 123
rökt	Kapitel_12	Sidan 123
böckling	Kapitel_12	Sidan 123
variant	Kapitel_12	Sidan 123
surströmming	Kapitel_12	Sidan 123
fermenterad	Kapitel_12	Sidan 123
smak	Kapitel_12	Sidan 123
vild	Kapitel_12	Sidan 123
festmat	Kapitel_12	Sidan 123
grillad	Kapitel_12	Sidan 123
gravad	Kapitel_12	Sidan 123
plocka	Kapitel_12	Sidan 123
självplock	Kapitel_12	Sidan 123
saft	Kapitel_12	Sidan 123
färsk	Kapitel_12	Sidan 123
strawberry	Kapitel_12	Sidan 123
matvana	Kapitel_12	Sidan 124
undersökning	Kapitel_12	Sidan 124
tillräckig	Kapitel_12	Sidan 124
frukt	Kapitel_12	Sidan 124
grönsak	Kapitel_12	Sidan 124
fett	Kapitel_12	Sidan 124
fiber	Kapitel_12	Sidan 124
trend	Kapitel_12	Sidan 124
tidigare	Kapitel_12	Sidan 124
vegetarian	Kapitel_12	Sidan 124
diet	Kapitel_12	Sidan 124
substans	Kapitel_12	Sidan 124
pannkaka	Kapitel_12	Sidan 124
mätt	Kapitel_12	Sidan 125
kräfta	Kapitel_12	Sidan 125
mjölkchoklad	Kapitel_12	Sidan 125
kåldolme	Kapitel_12	Sidan 126
ris	Kapitel_12	Sidan 126
småkakor	Kapitel_12	Sidan 126
fräsch	Kapitel_12	Sidan 126
ekologisk	Kapitel_12	Sidan 126
bondgård	Kapitel_12	Sidan 126
blad	Kapitel_12	Sidan 126
döda	Kapitel_12	Sidan 127
köttindustri	Kapitel_12	Sidan 127
sparris	Kapitel_12	Sidan 127
tofu	Kapitel_12	Sidan 127
urgod	Kapitel_12	Sidan 127
nudlar	Kapitel_12	Sidan 127
natt	Kapitel_12	Sidan 127
ripa	Kapitel_12	Sidan 127
svamp	Kapitel_12	Sidan 127
bär	Kapitel_12	Sidan 127
torka	Kapitel_12	Sidan 127
koka	Kapitel_12	Sidan 127
bisats	Kapitel_12	Sidan 127
subjunktion	Kapitel_12	Sidan 127
information	Kapitel_12	Sidan 128
nationalitet	Kapitel_12	Sidan 128
australiensisk	Kapitel_12	Sidan 128
brasiliansk	Kapitel_12	Sidan 128
colombiansk	Kapitel_12	Sidan 128
etiopisk	Kapitel_12	Sidan 128
finsk	Kapitel_12	Sidan 128
grekisk	Kapitel_12	Sidan 128
indonesisk	Kapitel_12	Sidan 128
kenyansk	Kapitel_12	Sidan 128
kubansk	Kapitel_12	Sidan 128
libanesisk	Kapitel_12	Sidan 128
marockansk	Kapitel_12	Sidan 128
mexikansk	Kapitel_12	Sidan 128
norsk	Kapitel_12	Sidan 128
nyzeeländsk	Kapitel_12	Sidan 128
pakistansk	Kapitel_12	Sidan 128
polsk	Kapitel_12	Sidan 128
rysk	Kapitel_12	Sidan 128
spansk	Kapitel_12	Sidan 128
sydafrikansk	Kapitel_12	Sidan 128
tunisisk	Kapitel_12	Sidan 128
ungersk	Kapitel_12	Sidan 128
österrikisk	Kapitel_12	Sidan 128
makaroner	Kapitel_12	Sidan 128
blodpudding	Kapitel_12	Sidan 128
uteservering	Kapitel_12	Sidan 129
redo	Kapitel_12	Sidan 130
lyx	Kapitel_12	Sidan 130
full	Kapitel_12	Sidan 130
boka	Kapitel_12	Sidan 130
smaka	Kapitel_12	Sidan 130
vissa	Kapitel_12	Sidan 131
frasbetoning	Kapitel_12	Sidan 131
variera	Kapitel_12	Sidan 131
än	Kapitel_12	Sidan 131
jordgubbstårta	Kapitel_12	Sidan 123
morgon	Kaptiel_13	Sidan 132
post	Kaptiel_13	Sidan 132
skolklass	Kaptiel_13	Sidan 132
pilot	Kaptiel_13	Sidan 132
värld	Kaptiel_13	Sidan 132
veterinär	Kaptiel_13	Sidan 132
hjälpa	Kaptiel_13	Sidan 132
problem	Kaptiel_13	Sidan 132
mikrobiolog	Kaptiel_13	Sidan 132
bakterie	Kaptiel_13	Sidan 132
fotbollsproffs	Kaptiel_13	Sidan 132
modell	Kaptiel_13	Sidan 133
ute	Kaptiel_13	Sidan 133
uppe	Kaptiel_13	Sidan 133
nere	Kaptiel_13	Sidan 133
borta	Kaptiel_13	Sidan 133
dit	Kaptiel_13	Sidan 133
hit	Kaptiel_13	Sidan 133
vart	Kaptiel_13	Sidan 133
bort	Kaptiel_13	Sidan 133
därifrån	Kaptiel_13	Sidan 133
härifrån	Kaptiel_13	Sidan 133
bortifrån	Kaptiel_13	Sidan 133
ninifrån	Kaptiel_13	Sidan 133
utifrån	Kaptiel_13	Sidan 133
uppifrån	Kaptiel_13	Sidan 133
nnerifrån	Kaptiel_13	Sidan 133
framifrån	Kaptiel_13	Sidan 133
parentes	Kaptiel_13	Sidan 133
toppjobb	Kaptiel_13	Sidan 134
läkemedelsföretag	Kaptiel_13	Sidan 134
doktorera	Kaptiel_13	Sidan 134
översättare	Kaptiel_13	Sidan 134
hämta	Kaptiel_13	Sidan 134
hushållsarbete	Kaptiel_13	Sidan 134
ledig	Kaptiel_13	Sidan 134
segla	Kaptiel_13	Sidan 134
stressig	Kaptiel_13	Sidan 134
försova	Kaptiel_13	Sidan 134
affärsman	Kaptiel_13	Sidan 134
frukostmöte	Kaptiel_13	Sidan 134
labb	Kaptiel_13	Sidan 134
hämtmat	Kaptiel_13	Sidan 134
kyckingfilé	Kaptiel_13	Sidan 134
saffransrisotto	Kaptiel_13	Sidan 134
middagsgäst	Kaptiel_13	Sidan 134
skynda	Kaptiel_13	Sidan 134
duka	Kaptiel_13	Sidan 135
huvudkontor	Kaptiel_13	Sidan 135
Genève	Kaptiel_13	Sidan 135
chef	Kaptiel_13	Sidan 135
videokonferens	Kaptiel_13	Sidan 135
fokus	Kaptiel_13	Sidan 135
naturlig	Kaptiel_13	Sidan 135
tempus	Kaptiel_13	Sidan 136
flygvärdinna	Kaptiel_13	Sidan 136
arbetsdag	Kaptiel_13	Sidan 137
landa	Kaptiel_13	Sidan 137
servera	Kaptiel_13	Sidan 137
trädgårdsmästare	Kaptiel_13	Sidan 139
tennislärare	Kaptiel_13	Sidan 139
bröllopsfotograf	Kaptiel_13	Sidan 139
arkitekt	Kaptiel_13	Sidan 139
guide	Kaptiel_13	Sidan 139
barnvakt	Kaptiel_13	Sidan 139
simlärare	Kaptiel_13	Sidan 139
taxichaufför	Kaptiel_13	Sidan 139
datasupporttekniker	Kaptiel_13	Sidan 139
snickare	Kaptiel_13	Sidan 139
bilmekaniker	Kaptiel_13	Sidan 139
plantera	Kaptiel_13	Sidan 139
händig	Kaptiel_13	Sidan 139
teknisk	Kaptiel_13	Sidan 139
noggrann	Kaptiel_13	Sidan 139
pedagogisk	Kaptiel_13	Sidan 139
människa	Kaptiel_13	Sidan 139
omtänksam	Kaptiel_13	Sidan 139
stark	Kaptiel_13	Sidan 139
kreativ	Kaptiel_13	Sidan 139
social	Kaptiel_13	Sidan 139
reparera	Kaptiel_13	Sidan 139
elektronisk	Kaptiel_13	Sidan 139
apparat	Kaptiel_13	Sidan 139
idrottslärare	Kaptiel_13	Sidan 139
naturligtvis	Kaptiel_13	Sidan 139
litteraturvetenskap	Kaptiel_13	Sidan 139
extrajobb	Kaptiel_13	Sidan 139
redigera	Kaptiel_13	Sidan 139
infinitiv	Kaptiel_13	Sidan 140
arbetsuppgift	Kaptiel_13	Sidan 140
vattengympapass	Kaptiel_13	Sidan 140
hotellfrukost	Kaptiel_13	Sidan 141
organisation	Kaptiel_13	Sidan 141
inriktning	Kaptiel_13	Sidan 141
utveckling	Kaptiel_13	Sidan 141
mobiltelefoni	Kaptiel_13	Sidan 141
mobile	Kaptiel_13	Sidan 141
tjänst	Kaptiel_13	Sidan 141
bransch	Kaptiel_13	Sidan 141
kändis	Kaptiel_13	Sidan 132